,level_0,name,business_id,id_commentaire,url,text,stars,index
0,0,Levain Bakery,H4jJ7XB3CetIr1pg56CczQ,BkhmO89BXIvn3mh9NJC0mQ,https://www.yelp.com/biz/levain-bakery-new-york?adjust_creative=5ZvXakD9YjwVeaW1GaFbvg&hrid=BkhmO89BXIvn3mh9NJC0mQ&utm_campaign=yelp_api_v3&utm_medium=api_v3_business_reviews&utm_source=5ZvXakD9YjwVeaW1GaFbvg,"The most delicious cookies! They make wonderful gifts or just treats for yourself. On top of that, their customer service is amazing. I sent cookies as a...",5,0.0
1,1,Levain Bakery,H4jJ7XB3CetIr1pg56CczQ,l5s_2ku-L3MYN45-vXgZZQ,https://www.yelp.com/biz/levain-bakery-new-york?adjust_creative=5ZvXakD9YjwVeaW1GaFbvg&hrid=l5s_2ku-L3MYN45-vXgZZQ&utm_campaign=yelp_api_v3&utm_medium=api_v3_business_reviews&utm_source=5ZvXakD9YjwVeaW1GaFbvg,"Cookies. Cookies
Cookies cookies
Cookies
Cookies
So 
Cookies
Are
Cookies
So
Cookies
Good.",5,1.0
2,2,Levain Bakery,H4jJ7XB3CetIr1pg56CczQ,Hj9EzKkQ332JTleWYrqKcA,https://www.yelp.com/biz/levain-bakery-new-york?adjust_creative=5ZvXakD9YjwVeaW1GaFbvg&hrid=Hj9EzKkQ332JTleWYrqKcA&utm_campaign=yelp_api_v3&utm_medium=api_v3_business_reviews&utm_source=5ZvXakD9YjwVeaW1GaFbvg,"I am ashamed to say that while I've heard of Levain before, I was not enticed to go try it until I watched that scene in TATBILB. And I was missing out!

We...",5,2.0
3,3,Katz's Delicatessen,V7lXZKBDzScDeGB8JmnzSA,YErmxd8Wq5js3APNScpSRw,https://www.yelp.com/biz/katzs-delicatessen-new-york?adjust_creative=5ZvXakD9YjwVeaW1GaFbvg&hrid=YErmxd8Wq5js3APNScpSRw&utm_campaign=yelp_api_v3&utm_medium=api_v3_business_reviews&utm_source=5ZvXakD9YjwVeaW1GaFbvg,"1. Pastrami sandwich was amazing
2. Little crowded when ordering 
3. Long wait line but moved fast
4. French fries and Matzo ball were great 
5. Don't lose...",4,3.0
4,4,Katz's Delicatessen,V7lXZKBDzScDeGB8JmnzSA,N-J01K6Fe5Sr1jImYzSxVw,https://www.yelp.com/biz/katzs-delicatessen-new-york?adjust_creative=5ZvXakD9YjwVeaW1GaFbvg&hrid=N-J01K6Fe5Sr1jImYzSxVw&utm_campaign=yelp_api_v3&utm_medium=api_v3_business_reviews&utm_source=5ZvXakD9YjwVeaW1GaFbvg,"Lives to the hype around it, one sandwich can be enough for a couple. Take it in mind prior to ordering",5,4.0
5,5,Katz's Delicatessen,V7lXZKBDzScDeGB8JmnzSA,Ic7iVSrJk2xw--dJXW802w,https://www.yelp.com/biz/katzs-delicatessen-new-york?adjust_creative=5ZvXakD9YjwVeaW1GaFbvg&hrid=Ic7iVSrJk2xw--dJXW802w&utm_campaign=yelp_api_v3&utm_medium=api_v3_business_reviews&utm_source=5ZvXakD9YjwVeaW1GaFbvg,Always a staple since I was a child. Love the pastrami on rye. The guys there are wonderful and the free samples never disappoint.,5,5.0
6,6,Ippudo NY,44SY464xDHbvOcjDzRbKkQ,w9-b0uM8OJrUGJ28O4MHew,https://www.yelp.com/biz/ippudo-ny-new-york-7?adjust_creative=5ZvXakD9YjwVeaW1GaFbvg&hrid=w9-b0uM8OJrUGJ28O4MHew&utm_campaign=yelp_api_v3&utm_medium=api_v3_business_reviews&utm_source=5ZvXakD9YjwVeaW1GaFbvg,It's been too long since I visited ippudo. This was one of my first authentic Japanese ramen I ever had. It introduced flavor to my untrained palate and...,5,6.0
7,7,Ippudo NY,44SY464xDHbvOcjDzRbKkQ,7m-LLrzag-XIbYyoicDmwA,https://www.yelp.com/biz/ippudo-ny-new-york-7?adjust_creative=5ZvXakD9YjwVeaW1GaFbvg&hrid=7m-LLrzag-XIbYyoicDmwA&utm_campaign=yelp_api_v3&utm_medium=api_v3_business_reviews&utm_source=5ZvXakD9YjwVeaW1GaFbvg,"What I ordered | Akamaru Modern Ramen 

Taste | broth was good and the chashu tasted great. 

Service | server was nice. It was a little hard to get their...",4,7.0
8,8,Ippudo NY,44SY464xDHbvOcjDzRbKkQ,wD4pfA6FSvUrhV0wOZyWGQ,https://www.yelp.com/biz/ippudo-ny-new-york-7?adjust_creative=5ZvXakD9YjwVeaW1GaFbvg&hrid=wD4pfA6FSvUrhV0wOZyWGQ&utm_campaign=yelp_api_v3&utm_medium=api_v3_business_reviews&utm_source=5ZvXakD9YjwVeaW1GaFbvg,"After quarantining and having bad food for ten days in the middle of nowhere in Texas, I finally got home and tested negative! For the first time in a long...",4,8.0
9,9,The Halal Guys,xEnNFXtMLDF5kZDxfaCJgA,v3JPH5YCIJT5LiQsBGze7A,https://www.yelp.com/biz/the-halal-guys-new-york-2?adjust_creative=5ZvXakD9YjwVeaW1GaFbvg&hrid=v3JPH5YCIJT5LiQsBGze7A&utm_campaign=yelp_api_v3&utm_medium=api_v3_business_reviews&utm_source=5ZvXakD9YjwVeaW1GaFbvg,"It is very great great meat great rice and best of all
It's halal and it is always warm when you get I",5,9.0
10,10,The Halal Guys,xEnNFXtMLDF5kZDxfaCJgA,Ybd21AjqutbGoNlMDWYNjg,https://www.yelp.com/biz/the-halal-guys-new-york-2?adjust_creative=5ZvXakD9YjwVeaW1GaFbvg&hrid=Ybd21AjqutbGoNlMDWYNjg&utm_campaign=yelp_api_v3&utm_medium=api_v3_business_reviews&utm_source=5ZvXakD9YjwVeaW1GaFbvg,"Delicious,you should try...but no sitting place and big line everyday.special winter time hard to wait for that",3,10.0
11,11,The Halal Guys,xEnNFXtMLDF5kZDxfaCJgA,1JL6Buiz_JDBAvchzqB_Jw,https://www.yelp.com/biz/the-halal-guys-new-york-2?adjust_creative=5ZvXakD9YjwVeaW1GaFbvg&hrid=1JL6Buiz_JDBAvchzqB_Jw&utm_campaign=yelp_api_v3&utm_medium=api_v3_business_reviews&utm_source=5ZvXakD9YjwVeaW1GaFbvg,"A little pricey for my liking, but over all the food is well prepared so far all I have tried was the lamb empanadas, the Buffalo wings , and the lamb gyro,...",4,11.0
12,12,Central Park Conservancy,KFnr0CGsHQ2ABFHbLNtobQ,XRGKEOWS-AaJkH13H1I6HQ,https://www.yelp.com/biz/central-park-conservancy-new-york?adjust_creative=5ZvXakD9YjwVeaW1GaFbvg&hrid=XRGKEOWS-AaJkH13H1I6HQ&utm_campaign=yelp_api_v3&utm_medium=api_v3_business_reviews&utm_source=5ZvXakD9YjwVeaW1GaFbvg,"I love this park so much!

Back in summer, I visited the Golden Gate Park in SF, which is 20% bigger than Central Park. Although slightly smaller, Central...",5,12.0
13,13,Central Park Conservancy,KFnr0CGsHQ2ABFHbLNtobQ,JVQQsIk07kyetBhuUufl9w,https://www.yelp.com/biz/central-park-conservancy-new-york?adjust_creative=5ZvXakD9YjwVeaW1GaFbvg&hrid=JVQQsIk07kyetBhuUufl9w&utm_campaign=yelp_api_v3&utm_medium=api_v3_business_reviews&utm_source=5ZvXakD9YjwVeaW1GaFbvg,"What can I say about THE Central Park?? I absolutely love this park. It is HUGE and we didn't get to see the entire thing, but the parts that we did see...",5,13.0
14,14,Central Park Conservancy,KFnr0CGsHQ2ABFHbLNtobQ,p1Gf_bWyZIIL9U-lS7N8cQ,https://www.yelp.com/biz/central-park-conservancy-new-york?adjust_creative=5ZvXakD9YjwVeaW1GaFbvg&hrid=p1Gf_bWyZIIL9U-lS7N8cQ&utm_campaign=yelp_api_v3&utm_medium=api_v3_business_reviews&utm_source=5ZvXakD9YjwVeaW1GaFbvg,"We love Central Park! You can enjoy everything here from walking, running, biking, taking a Carriage ride, go to the zoom, go for a bit, paddle boat and...",5,14.0
15,15,The Metropolitan Museum of Art,jVncyqXwlx_D9f2xZn05tg,70-HgvcYMx0Tlmia-f2nWg,https://www.yelp.com/biz/the-metropolitan-museum-of-art-new-york-3?adjust_creative=5ZvXakD9YjwVeaW1GaFbvg&hrid=70-HgvcYMx0Tlmia-f2nWg&utm_campaign=yelp_api_v3&utm_medium=api_v3_business_reviews&utm_source=5ZvXakD9YjwVeaW1GaFbvg,The Metropolitan Museum of Art has been my favorite place in the world since the age of eight. I love nothing more than to spend six or seven hours getting...,5,15.0
16,16,The Metropolitan Museum of Art,jVncyqXwlx_D9f2xZn05tg,BAB1NU3UPTiLHqCxLrCHzw,https://www.yelp.com/biz/the-metropolitan-museum-of-art-new-york-3?adjust_creative=5ZvXakD9YjwVeaW1GaFbvg&hrid=BAB1NU3UPTiLHqCxLrCHzw&utm_campaign=yelp_api_v3&utm_medium=api_v3_business_reviews&utm_source=5ZvXakD9YjwVeaW1GaFbvg,This place is phenomenal I've been here like five times on different occasions and there is always something new I love coming here for a date or just to...,5,16.0
17,17,The Metropolitan Museum of Art,jVncyqXwlx_D9f2xZn05tg,-NsSuf9RYFEzR5ViiIk9eg,https://www.yelp.com/biz/the-metropolitan-museum-of-art-new-york-3?adjust_creative=5ZvXakD9YjwVeaW1GaFbvg&hrid=-NsSuf9RYFEzR5ViiIk9eg&utm_campaign=yelp_api_v3&utm_medium=api_v3_business_reviews&utm_source=5ZvXakD9YjwVeaW1GaFbvg,"Definitely THE place to go and THE MUST GO in NYC. $25 for adult. There are ticket kiosks inside. Once you get inside, I highly recommend use their WiFi and...",5,17.0
18,18,Los Tacos No.1,jnEv25Y2DosTq2sNnvmC9g,iTJq737AQ7O0Mx-AeqSPOA,https://www.yelp.com/biz/los-tacos-no-1-new-york?adjust_creative=5ZvXakD9YjwVeaW1GaFbvg&hrid=iTJq737AQ7O0Mx-AeqSPOA&utm_campaign=yelp_api_v3&utm_medium=api_v3_business_reviews&utm_source=5ZvXakD9YjwVeaW1GaFbvg,"Great tacos - price appropriate for the location - gets busy often- sometimes makes food outside making it smell VERY good. Suggested tip; 23% 

-...",5,18.0
19,19,Los Tacos No.1,jnEv25Y2DosTq2sNnvmC9g,x9oCJgk_ytau3rrgSq-H7A,https://www.yelp.com/biz/los-tacos-no-1-new-york?adjust_creative=5ZvXakD9YjwVeaW1GaFbvg&hrid=x9oCJgk_ytau3rrgSq-H7A&utm_campaign=yelp_api_v3&utm_medium=api_v3_business_reviews&utm_source=5ZvXakD9YjwVeaW1GaFbvg,"Definitely my favorite taco spot in NY! 

There was quite a line when my friends and I got there around 4pm on a Friday afternoon but the line moved rather...",5,19.0
20,20,Los Tacos No.1,jnEv25Y2DosTq2sNnvmC9g,PRmQ-DrpGVAWiqnh4eUerw,https://www.yelp.com/biz/los-tacos-no-1-new-york?adjust_creative=5ZvXakD9YjwVeaW1GaFbvg&hrid=PRmQ-DrpGVAWiqnh4eUerw&utm_campaign=yelp_api_v3&utm_medium=api_v3_business_reviews&utm_source=5ZvXakD9YjwVeaW1GaFbvg,"Probably the best Mexican spot in Manhattan but that is not saying much and does not carry enough weight to negate the following: 

- Total rip-off, really...",3,20.0
21,21,Bibble & Sip,WHRHK3S1mQc3PmhwsGRvbw,DSe5sKN_KwGPenV4tgMU9A,https://www.yelp.com/biz/bibble-and-sip-new-york-2?adjust_creative=5ZvXakD9YjwVeaW1GaFbvg&hrid=DSe5sKN_KwGPenV4tgMU9A&utm_campaign=yelp_api_v3&utm_medium=api_v3_business_reviews&utm_source=5ZvXakD9YjwVeaW1GaFbvg,"Amazing pastries and like all trendy places, they come with hefty price point and a usual line but at the end, it's worth it. Try the cloud, it's simply...",4,21.0
22,22,Bibble & Sip,WHRHK3S1mQc3PmhwsGRvbw,5aum5bRKxRSkjlDhLsu9Sw,https://www.yelp.com/biz/bibble-and-sip-new-york-2?adjust_creative=5ZvXakD9YjwVeaW1GaFbvg&hrid=5aum5bRKxRSkjlDhLsu9Sw&utm_campaign=yelp_api_v3&utm_medium=api_v3_business_reviews&utm_source=5ZvXakD9YjwVeaW1GaFbvg,"superrr cute cafe!

what we got:
earl grey cream puff (3/5): i think this was just personal preference but i just didn't really like the way the earl grey...",5,22.0
23,23,Bibble & Sip,WHRHK3S1mQc3PmhwsGRvbw,SehEXNwsnD5-HgInRYTGSQ,https://www.yelp.com/biz/bibble-and-sip-new-york-2?adjust_creative=5ZvXakD9YjwVeaW1GaFbvg&hrid=SehEXNwsnD5-HgInRYTGSQ&utm_campaign=yelp_api_v3&utm_medium=api_v3_business_reviews&utm_source=5ZvXakD9YjwVeaW1GaFbvg,So I've been to New York twice now and I totally forgot to go here the first time. So on my second trip I HAD to go. Everywhere in New York is so walkable...,5,23.0
24,24,LoveMama,jjJc_CrkB2HodEinB6cWww,7UIRLD9mD8IZEUMinX0dpg,https://www.yelp.com/biz/lovemama-new-york?adjust_creative=5ZvXakD9YjwVeaW1GaFbvg&hrid=7UIRLD9mD8IZEUMinX0dpg&utm_campaign=yelp_api_v3&utm_medium=api_v3_business_reviews&utm_source=5ZvXakD9YjwVeaW1GaFbvg,"We ordered the roti canai, pad Thai, Thai ice tea, nasi penal and spring rolls. Food was very good and service was great.",5,24.0
25,25,LoveMama,jjJc_CrkB2HodEinB6cWww,qLknGaOT5ov14mZ3zcEcKw,https://www.yelp.com/biz/lovemama-new-york?adjust_creative=5ZvXakD9YjwVeaW1GaFbvg&hrid=qLknGaOT5ov14mZ3zcEcKw&utm_campaign=yelp_api_v3&utm_medium=api_v3_business_reviews&utm_source=5ZvXakD9YjwVeaW1GaFbvg,"Absolutely good taste of comfort food. I went to lunch time and not many customers in dining, but staffs still concentrate on me and had good service.",5,25.0
26,26,LoveMama,jjJc_CrkB2HodEinB6cWww,LAmn8C4GKo8rdz-SwF7xMw,https://www.yelp.com/biz/lovemama-new-york?adjust_creative=5ZvXakD9YjwVeaW1GaFbvg&hrid=LAmn8C4GKo8rdz-SwF7xMw&utm_campaign=yelp_api_v3&utm_medium=api_v3_business_reviews&utm_source=5ZvXakD9YjwVeaW1GaFbvg,Amazing food and good customer service. Definitely recommend this place.  especially if you like spicy,5,26.0
27,27,Best Bagel & Coffee,j1S3NUrkB3BVT49n_e76NQ,Tkg1TtUQGe_n_NgG64xF4Q,https://www.yelp.com/biz/best-bagel-and-coffee-new-york?adjust_creative=5ZvXakD9YjwVeaW1GaFbvg&hrid=Tkg1TtUQGe_n_NgG64xF4Q&utm_campaign=yelp_api_v3&utm_medium=api_v3_business_reviews&utm_source=5ZvXakD9YjwVeaW1GaFbvg,"I got the tofu cream cheese because I'm lactose intolerant. I don't know if it's been too long since I've had real cream cheese, but I couldn't tell the...",5,27.0
28,28,Best Bagel & Coffee,j1S3NUrkB3BVT49n_e76NQ,NeGbBHsFJzo2GgTyWfPEPQ,https://www.yelp.com/biz/best-bagel-and-coffee-new-york?adjust_creative=5ZvXakD9YjwVeaW1GaFbvg&hrid=NeGbBHsFJzo2GgTyWfPEPQ&utm_campaign=yelp_api_v3&utm_medium=api_v3_business_reviews&utm_source=5ZvXakD9YjwVeaW1GaFbvg,"Best.
Bagel.

The coffee was alright, but the bagel was best-er than I ever expected. It's rare when a business is so appropriately named, but Best Bagel...",5,28.0
29,29,Best Bagel & Coffee,j1S3NUrkB3BVT49n_e76NQ,ywDDrUJduGqslWFDNpDCwQ,https://www.yelp.com/biz/best-bagel-and-coffee-new-york?adjust_creative=5ZvXakD9YjwVeaW1GaFbvg&hrid=ywDDrUJduGqslWFDNpDCwQ&utm_campaign=yelp_api_v3&utm_medium=api_v3_business_reviews&utm_source=5ZvXakD9YjwVeaW1GaFbvg,"Continuing on our bagel breakfast runs, we stopped by Best Bagel & Coffee before getting on with the day's activities on a Thursday.

We split the smoked...",4,29.0
30,30,Thai Villa,B3_K2kUVbYOU0VaLcj_LTw,XHYfAALLBXaY5zDDGs48Eg,https://www.yelp.com/biz/thai-villa-new-york-2?adjust_creative=5ZvXakD9YjwVeaW1GaFbvg&hrid=XHYfAALLBXaY5zDDGs48Eg&utm_campaign=yelp_api_v3&utm_medium=api_v3_business_reviews&utm_source=5ZvXakD9YjwVeaW1GaFbvg,"Look, everyone reviewing this has said positive things and i'm not going to say otherwise. The pad se ew and fried rice were so good I ate my girlfriend's...",5,30.0
31,31,Thai Villa,B3_K2kUVbYOU0VaLcj_LTw,SHXz715XTAXG3FUpa0VSeg,https://www.yelp.com/biz/thai-villa-new-york-2?adjust_creative=5ZvXakD9YjwVeaW1GaFbvg&hrid=SHXz715XTAXG3FUpa0VSeg&utm_campaign=yelp_api_v3&utm_medium=api_v3_business_reviews&utm_source=5ZvXakD9YjwVeaW1GaFbvg,"Great portions, well-flavored food, and a consistently good Thai spot I frequent often.

The Salmon Tamarind was unexpectedly delicious, and you definitely...",4,31.0
32,32,Thai Villa,B3_K2kUVbYOU0VaLcj_LTw,24lZ_pptdXfGr-cv5KQlxw,https://www.yelp.com/biz/thai-villa-new-york-2?adjust_creative=5ZvXakD9YjwVeaW1GaFbvg&hrid=24lZ_pptdXfGr-cv5KQlxw&utm_campaign=yelp_api_v3&utm_medium=api_v3_business_reviews&utm_source=5ZvXakD9YjwVeaW1GaFbvg,I've been here twice now and still can stop dreaming about the red curry. We came here again last week on a Thursday night. Still super busy! Hostess was so...,4,32.0
33,33,Prince Street Pizza,zj8Lq1T8KIC5zwFief15jg,NrOWzKOjB2hRrKQkwLknCg,https://www.yelp.com/biz/prince-street-pizza-new-york-2?adjust_creative=5ZvXakD9YjwVeaW1GaFbvg&hrid=NrOWzKOjB2hRrKQkwLknCg&utm_campaign=yelp_api_v3&utm_medium=api_v3_business_reviews&utm_source=5ZvXakD9YjwVeaW1GaFbvg,"The only pizza place I was able to stop at before heading out of town, but they did NOT disappoint!! 

LOOK AT THE GREASE/SAUCE!!! It's beautiful!!!...",5,33.0
34,34,Prince Street Pizza,zj8Lq1T8KIC5zwFief15jg,69SCSKxuZEtHhpxhhSiMdA,https://www.yelp.com/biz/prince-street-pizza-new-york-2?adjust_creative=5ZvXakD9YjwVeaW1GaFbvg&hrid=69SCSKxuZEtHhpxhhSiMdA&utm_campaign=yelp_api_v3&utm_medium=api_v3_business_reviews&utm_source=5ZvXakD9YjwVeaW1GaFbvg,By far one of the most flavorful pizza I've had in awhile. Cannot remember the last time I have had something this tasteful that left me speechless. All I...,4,34.0
35,35,Prince Street Pizza,zj8Lq1T8KIC5zwFief15jg,_NzbsAPAPtr8R5Jvp-JwWg,https://www.yelp.com/biz/prince-street-pizza-new-york-2?adjust_creative=5ZvXakD9YjwVeaW1GaFbvg&hrid=_NzbsAPAPtr8R5Jvp-JwWg&utm_campaign=yelp_api_v3&utm_medium=api_v3_business_reviews&utm_source=5ZvXakD9YjwVeaW1GaFbvg,"Yum! A NYC classic. Get the spicy spring slice (the square one with lotsa pepperoni) and you'll be a happy camper. Crispy, hot, CRUNCH, bready, peppy...",5,35.0
36,36,Burger & Lobster - Flatiron NYC,UA2M9QFZghe-9th2KwLoWQ,5arJqzgedyr5fRVwPzAT9g,https://www.yelp.com/biz/burger-and-lobster-flatiron-nyc-new-york?adjust_creative=5ZvXakD9YjwVeaW1GaFbvg&hrid=5arJqzgedyr5fRVwPzAT9g&utm_campaign=yelp_api_v3&utm_medium=api_v3_business_reviews&utm_source=5ZvXakD9YjwVeaW1GaFbvg,"Literally the best of both worlds in this super fun place!!

The atmosphere gets you into the vibe the moment you step foot in the door- energetic but not...",5,36.0
37,37,Burger & Lobster - Flatiron NYC,UA2M9QFZghe-9th2KwLoWQ,ZjzTF5vwlSN3RfyDcFkLUA,https://www.yelp.com/biz/burger-and-lobster-flatiron-nyc-new-york?adjust_creative=5ZvXakD9YjwVeaW1GaFbvg&hrid=ZjzTF5vwlSN3RfyDcFkLUA&utm_campaign=yelp_api_v3&utm_medium=api_v3_business_reviews&utm_source=5ZvXakD9YjwVeaW1GaFbvg,Came here for dinner last weekend after making reservations on Google (they had plenty of open spots even the day before). Pretty empty and spaced out...,4,37.0
38,38,Burger & Lobster - Flatiron NYC,UA2M9QFZghe-9th2KwLoWQ,YHv4q7mYsLIKf4FeslAFbQ,https://www.yelp.com/biz/burger-and-lobster-flatiron-nyc-new-york?adjust_creative=5ZvXakD9YjwVeaW1GaFbvg&hrid=YHv4q7mYsLIKf4FeslAFbQ&utm_campaign=yelp_api_v3&utm_medium=api_v3_business_reviews&utm_source=5ZvXakD9YjwVeaW1GaFbvg,"Burgers, lobsters, cocktails, and desserts. Oh my!

This place was jumping on the night we dropped in. Cool looking spot. Fun and not pretentious. Great...",4,38.0
39,39,The High Line,JION8hhg7q6zyayHYwhxIw,pe5JldOaVM3ISFteh6i-VQ,https://www.yelp.com/biz/the-high-line-new-york?adjust_creative=5ZvXakD9YjwVeaW1GaFbvg&hrid=pe5JldOaVM3ISFteh6i-VQ&utm_campaign=yelp_api_v3&utm_medium=api_v3_business_reviews&utm_source=5ZvXakD9YjwVeaW1GaFbvg,"I love The High Line! 

Some portions of the trail are a little more narrow than others and it can get pretty crowded. So if you're cautious, I'd probably...",5,39.0
40,40,The High Line,JION8hhg7q6zyayHYwhxIw,qK4rud_eLd5qCKjD3mlhZA,https://www.yelp.com/biz/the-high-line-new-york?adjust_creative=5ZvXakD9YjwVeaW1GaFbvg&hrid=qK4rud_eLd5qCKjD3mlhZA&utm_campaign=yelp_api_v3&utm_medium=api_v3_business_reviews&utm_source=5ZvXakD9YjwVeaW1GaFbvg,"For years, the abandoned rail line, above what used to be called ""Death Avenue"" because of the fatal accidents due to ground level trains, sat rusting away...",5,40.0
41,41,The High Line,JION8hhg7q6zyayHYwhxIw,Qx-TRQP_CCze_HVN9zssaw,https://www.yelp.com/biz/the-high-line-new-york?adjust_creative=5ZvXakD9YjwVeaW1GaFbvg&hrid=Qx-TRQP_CCze_HVN9zssaw&utm_campaign=yelp_api_v3&utm_medium=api_v3_business_reviews&utm_source=5ZvXakD9YjwVeaW1GaFbvg,"A great walk in the summer, this former rail line converted into a walkway has some really remarkable gardening and sitting spots, letting you stroll...",4,41.0
42,42,Gramercy Tavern,veq1Bl1DW3UWMekZJUsG1Q,aKUq1QdNYwzBoA7Ho3eDnQ,https://www.yelp.com/biz/gramercy-tavern-new-york?adjust_creative=5ZvXakD9YjwVeaW1GaFbvg&hrid=aKUq1QdNYwzBoA7Ho3eDnQ&utm_campaign=yelp_api_v3&utm_medium=api_v3_business_reviews&utm_source=5ZvXakD9YjwVeaW1GaFbvg,You can choose between the dinning room which is a price per person course meal with chefs choices. Or you can choose the tavern which is just like a normal...,5,42.0
43,43,Gramercy Tavern,veq1Bl1DW3UWMekZJUsG1Q,eBNdbNl_ImR4IsiKwJIgjg,https://www.yelp.com/biz/gramercy-tavern-new-york?adjust_creative=5ZvXakD9YjwVeaW1GaFbvg&hrid=eBNdbNl_ImR4IsiKwJIgjg&utm_campaign=yelp_api_v3&utm_medium=api_v3_business_reviews&utm_source=5ZvXakD9YjwVeaW1GaFbvg,"This review is for the dining room tasting menu. 

Ambiance: the restaurant is decorated beautifully for the holidays - not sure what it looks like...",4,43.0
44,44,Gramercy Tavern,veq1Bl1DW3UWMekZJUsG1Q,nqziT08y8c05kYfNT-dyCg,https://www.yelp.com/biz/gramercy-tavern-new-york?adjust_creative=5ZvXakD9YjwVeaW1GaFbvg&hrid=nqziT08y8c05kYfNT-dyCg&utm_campaign=yelp_api_v3&utm_medium=api_v3_business_reviews&utm_source=5ZvXakD9YjwVeaW1GaFbvg,"I finally got to try Gramercy Tavern, even if was only for their lunch menu. But, boy, what a treat it was. I went in with a group of people from work. We...",5,44.0
45,45,Peter Luger,4yPqqJDJOQX69gC66YUDkA,V56OgmCiTA78ncjzrgvhMA,https://www.yelp.com/biz/peter-luger-brooklyn-2?adjust_creative=5ZvXakD9YjwVeaW1GaFbvg&hrid=V56OgmCiTA78ncjzrgvhMA&utm_campaign=yelp_api_v3&utm_medium=api_v3_business_reviews&utm_source=5ZvXakD9YjwVeaW1GaFbvg,Our waiter was Felipe and he was a very nice and friendly waiter! He made small talk with us and even gave us some touristy suggestions to go sight see. We...,5,45.0
46,46,Peter Luger,4yPqqJDJOQX69gC66YUDkA,Eat2CC_BfNk4zTFcpNAcnA,https://www.yelp.com/biz/peter-luger-brooklyn-2?adjust_creative=5ZvXakD9YjwVeaW1GaFbvg&hrid=Eat2CC_BfNk4zTFcpNAcnA&utm_campaign=yelp_api_v3&utm_medium=api_v3_business_reviews&utm_source=5ZvXakD9YjwVeaW1GaFbvg,"2 stars for the steak and bacon but would I come back? HELL TO THE NO! For this price point, you expect a certain kind of atmosphere and service. This place...",2,46.0
47,47,Peter Luger,4yPqqJDJOQX69gC66YUDkA,kqv0Pu3dtj9gJb9cTngGbA,https://www.yelp.com/biz/peter-luger-brooklyn-2?adjust_creative=5ZvXakD9YjwVeaW1GaFbvg&hrid=kqv0Pu3dtj9gJb9cTngGbA&utm_campaign=yelp_api_v3&utm_medium=api_v3_business_reviews&utm_source=5ZvXakD9YjwVeaW1GaFbvg,"One of the most iconic NYC experiences, and a historic cornerstone of its culinary scene, on par with Katz's or Zabar's. Dining here feels like one of those...",3,47.0
48,48,Doughnut Plant,lWOkeS-wV4no8qqA9OwwEg,XrlYVH0l7VoNtDBJ6eBISQ,https://www.yelp.com/biz/doughnut-plant-new-york-6?adjust_creative=5ZvXakD9YjwVeaW1GaFbvg&hrid=XrlYVH0l7VoNtDBJ6eBISQ&utm_campaign=yelp_api_v3&utm_medium=api_v3_business_reviews&utm_source=5ZvXakD9YjwVeaW1GaFbvg,"I wanted to try the creme brûlée, but they were sold out. In fact, they were sold out of just about anything I wanted at 2 pm on Saturday. 

We ended up...",5,48.0
49,49,Doughnut Plant,lWOkeS-wV4no8qqA9OwwEg,r4oB350t6ZIJmja7jfIZ9Q,https://www.yelp.com/biz/doughnut-plant-new-york-6?adjust_creative=5ZvXakD9YjwVeaW1GaFbvg&hrid=r4oB350t6ZIJmja7jfIZ9Q&utm_campaign=yelp_api_v3&utm_medium=api_v3_business_reviews&utm_source=5ZvXakD9YjwVeaW1GaFbvg,"They seemed to have 
Closed. It's  been several months since 
The place looks empty. Store is 
Not selling. Nor any employee's 
Are seen on site.",3,49.0
50,50,Doughnut Plant,lWOkeS-wV4no8qqA9OwwEg,EQD_iS4Y28l2KwKWBWqibQ,https://www.yelp.com/biz/doughnut-plant-new-york-6?adjust_creative=5ZvXakD9YjwVeaW1GaFbvg&hrid=EQD_iS4Y28l2KwKWBWqibQ&utm_campaign=yelp_api_v3&utm_medium=api_v3_business_reviews&utm_source=5ZvXakD9YjwVeaW1GaFbvg,"Love the donuts, but I had to give them 4 stars because $4 per donut is pretty pricey! 

Food: Great texture with interesting flavor combinations! The...",4,50.0
51,51,National September 11 Memorial Museum,kViIWJFfAfWPpJOwAXBKGA,Drnl-mDxWX1Qxxs6WEat7A,https://www.yelp.com/biz/national-september-11-memorial-museum-new-york?adjust_creative=5ZvXakD9YjwVeaW1GaFbvg&hrid=Drnl-mDxWX1Qxxs6WEat7A&utm_campaign=yelp_api_v3&utm_medium=api_v3_business_reviews&utm_source=5ZvXakD9YjwVeaW1GaFbvg,"I have been to this museum 4 times and have yet to write a review, always forgetting about museums and theatres.  However, each of the 4 times has made me...",5,51.0
52,52,National September 11 Memorial Museum,kViIWJFfAfWPpJOwAXBKGA,rF_wT2ZFF4xC5MzgbqeShA,https://www.yelp.com/biz/national-september-11-memorial-museum-new-york?adjust_creative=5ZvXakD9YjwVeaW1GaFbvg&hrid=rF_wT2ZFF4xC5MzgbqeShA&utm_campaign=yelp_api_v3&utm_medium=api_v3_business_reviews&utm_source=5ZvXakD9YjwVeaW1GaFbvg,"What happened on 9/11/2011 was tragic.  

That should go without saying.  But as I read some of these nonsensical reviews telling other attendees how to...",1,52.0
53,53,National September 11 Memorial Museum,kViIWJFfAfWPpJOwAXBKGA,fIahndUDikoutc6wZqAisw,https://www.yelp.com/biz/national-september-11-memorial-museum-new-york?adjust_creative=5ZvXakD9YjwVeaW1GaFbvg&hrid=fIahndUDikoutc6wZqAisw&utm_campaign=yelp_api_v3&utm_medium=api_v3_business_reviews&utm_source=5ZvXakD9YjwVeaW1GaFbvg,"This was the second time we have come here to The National September 11 Memorial Museum. It was more moving this time for a reason I had not expected.

The...",5,53.0
54,54,Clinton Street Baking Company,nU4XBdvxDABXqZ6CnB8Dig,UyVwSJBcZhdnDodky5rzWA,https://www.yelp.com/biz/clinton-street-baking-company-new-york-5?adjust_creative=5ZvXakD9YjwVeaW1GaFbvg&hrid=UyVwSJBcZhdnDodky5rzWA&utm_campaign=yelp_api_v3&utm_medium=api_v3_business_reviews&utm_source=5ZvXakD9YjwVeaW1GaFbvg,"Finally, get to try Clinton St!! Been dying to try this brunch spot and finally got res though Resy on a Sunday Brunch. Highly recommend making reservations...",5,54.0
55,55,Clinton Street Baking Company,nU4XBdvxDABXqZ6CnB8Dig,MyKtPi0-91LDmmdXWj_Epg,https://www.yelp.com/biz/clinton-street-baking-company-new-york-5?adjust_creative=5ZvXakD9YjwVeaW1GaFbvg&hrid=MyKtPi0-91LDmmdXWj_Epg&utm_campaign=yelp_api_v3&utm_medium=api_v3_business_reviews&utm_source=5ZvXakD9YjwVeaW1GaFbvg,I came here for my birthday breakfast after hearing so much about this place. My mom and I were able to get seated pretty quickly as I knew to arrive early...,3,55.0
56,56,Clinton Street Baking Company,nU4XBdvxDABXqZ6CnB8Dig,fdiEDSeGSstjhIkAyPdv-g,https://www.yelp.com/biz/clinton-street-baking-company-new-york-5?adjust_creative=5ZvXakD9YjwVeaW1GaFbvg&hrid=fdiEDSeGSstjhIkAyPdv-g&utm_campaign=yelp_api_v3&utm_medium=api_v3_business_reviews&utm_source=5ZvXakD9YjwVeaW1GaFbvg,So glad that we finally got in! Have heard such great things so have been wanting to try for a while but hear there is always a huge wait. We ended up going...,5,56.0
57,57,Los Tacos No.1,SULHf6nGQ8sK0UpG1XU30w,lBEtBCTONr1cyCxTg8Ypow,https://www.yelp.com/biz/los-tacos-no-1-new-york-3?adjust_creative=5ZvXakD9YjwVeaW1GaFbvg&hrid=lBEtBCTONr1cyCxTg8Ypow&utm_campaign=yelp_api_v3&utm_medium=api_v3_business_reviews&utm_source=5ZvXakD9YjwVeaW1GaFbvg,"this is my FAVORITE taco place. please get the quesadilla

it is a little pricey but it is justified. there was so much meat on that thing and i got full on...",5,57.0
58,58,Los Tacos No.1,SULHf6nGQ8sK0UpG1XU30w,x91qnIFsbIA3d2bvAbJznw,https://www.yelp.com/biz/los-tacos-no-1-new-york-3?adjust_creative=5ZvXakD9YjwVeaW1GaFbvg&hrid=x91qnIFsbIA3d2bvAbJznw&utm_campaign=yelp_api_v3&utm_medium=api_v3_business_reviews&utm_source=5ZvXakD9YjwVeaW1GaFbvg,"December 2021 - COVID Review:

I was worried this was gonna be an overhyped tourist trap but I'm glad to be proven wrong. We got here maybe 5 minutes before...",5,58.0
59,59,Los Tacos No.1,SULHf6nGQ8sK0UpG1XU30w,zoSx3LCSgn_XXpvYlc1Aag,https://www.yelp.com/biz/los-tacos-no-1-new-york-3?adjust_creative=5ZvXakD9YjwVeaW1GaFbvg&hrid=zoSx3LCSgn_XXpvYlc1Aag&utm_campaign=yelp_api_v3&utm_medium=api_v3_business_reviews&utm_source=5ZvXakD9YjwVeaW1GaFbvg,"(Dined 12/29/21 WE @ 5:00pm): These tacos quite possibly be numero uno at least in the Times Square area!

On Day 10 of my vacation as I visited a very dear...",5,59.0
60,0,El Sur,rQSFuKAyrkZtRRdOnJglJQ,RKcuF_-ckUoP4lsxzAAY4g,https://www.yelp.com/biz/el-sur-madrid?adjust_creative=5ZvXakD9YjwVeaW1GaFbvg&hrid=RKcuF_-ckUoP4lsxzAAY4g&utm_campaign=yelp_api_v3&utm_medium=api_v3_business_reviews&utm_source=5ZvXakD9YjwVeaW1GaFbvg,"Really recommend the seafood paella. Everything else was also really good, and there is nothing bad to order.",5,0.0
61,1,El Sur,rQSFuKAyrkZtRRdOnJglJQ,pW3eM1atKBtUJTTVt9po8A,https://www.yelp.com/biz/el-sur-madrid?adjust_creative=5ZvXakD9YjwVeaW1GaFbvg&hrid=pW3eM1atKBtUJTTVt9po8A&utm_campaign=yelp_api_v3&utm_medium=api_v3_business_reviews&utm_source=5ZvXakD9YjwVeaW1GaFbvg,"Seemed as though we walked forever, let me tell you good place is popping.  Ambience is chic and casual.  

We skipped breakfast as a result of staying up...",5,1.0
62,2,El Sur,rQSFuKAyrkZtRRdOnJglJQ,iiuFcI087C17LRkNMxpy0g,https://www.yelp.com/biz/el-sur-madrid?adjust_creative=5ZvXakD9YjwVeaW1GaFbvg&hrid=iiuFcI087C17LRkNMxpy0g&utm_campaign=yelp_api_v3&utm_medium=api_v3_business_reviews&utm_source=5ZvXakD9YjwVeaW1GaFbvg,"After 24 hours of not eating... (Don't ask, it was a long flight lol) I made El Sur my first meal in Madrid. And I'm so happy I did... It was soooo good!...",5,2.0
63,3,Chocolatería San Ginés,ql9zlnKW4h_efrketA3Mrg,vRu0xYP600m3bbqm5mR7_g,https://www.yelp.com/biz/chocolater%C3%ADa-san-gin%C3%A9s-madrid-6?adjust_creative=5ZvXakD9YjwVeaW1GaFbvg&hrid=vRu0xYP600m3bbqm5mR7_g&utm_campaign=yelp_api_v3&utm_medium=api_v3_business_reviews&utm_source=5ZvXakD9YjwVeaW1GaFbvg,"Delicious. Tourist trap. Landmark. 

There will always be a line. Very line-worthy churros. They have churros & they have porros. I don't know the...",5,3.0
64,4,Chocolatería San Ginés,ql9zlnKW4h_efrketA3Mrg,CTzZeku9uJ7PhWwcrKbYJQ,https://www.yelp.com/biz/chocolater%C3%ADa-san-gin%C3%A9s-madrid-6?adjust_creative=5ZvXakD9YjwVeaW1GaFbvg&hrid=CTzZeku9uJ7PhWwcrKbYJQ&utm_campaign=yelp_api_v3&utm_medium=api_v3_business_reviews&utm_source=5ZvXakD9YjwVeaW1GaFbvg,"Sosososososo hyped it is unreal.

The churros were stale and cold and not to mention oily.

The chocolate was okay, not super creamy, nothing special.

I...",2,4.0
65,5,Chocolatería San Ginés,ql9zlnKW4h_efrketA3Mrg,pc1xtikX9UWwR4IKXzOB8w,https://www.yelp.com/biz/chocolater%C3%ADa-san-gin%C3%A9s-madrid-6?adjust_creative=5ZvXakD9YjwVeaW1GaFbvg&hrid=pc1xtikX9UWwR4IKXzOB8w&utm_campaign=yelp_api_v3&utm_medium=api_v3_business_reviews&utm_source=5ZvXakD9YjwVeaW1GaFbvg,This is a super famous churro with chocolate spot so had to check it out - it's hidden in an alley but the inside of the store is deceptively large! They...,4,5.0
66,6,Museo Nacional del Prado,xk1-dxBAP2ojnAs30U3UHg,X0Mw3DIFe47lernZmS5H0A,https://www.yelp.com/biz/museo-nacional-del-prado-madrid-3?adjust_creative=5ZvXakD9YjwVeaW1GaFbvg&hrid=X0Mw3DIFe47lernZmS5H0A&utm_campaign=yelp_api_v3&utm_medium=api_v3_business_reviews&utm_source=5ZvXakD9YjwVeaW1GaFbvg,"A must for anyone visiting Madrid. Anyone who is interested in art should visit El Prado for its incredible collection of European art. 

Highlights include...",5,6.0
67,7,Museo Nacional del Prado,xk1-dxBAP2ojnAs30U3UHg,uGlTIcpAPeNFlrD0GIx0oA,https://www.yelp.com/biz/museo-nacional-del-prado-madrid-3?adjust_creative=5ZvXakD9YjwVeaW1GaFbvg&hrid=uGlTIcpAPeNFlrD0GIx0oA&utm_campaign=yelp_api_v3&utm_medium=api_v3_business_reviews&utm_source=5ZvXakD9YjwVeaW1GaFbvg,"The Museo Nacional del Prado is Spain's national art museum, and is often considered to have one of the world's finest collections of classic European art....",4,7.0
68,8,Museo Nacional del Prado,xk1-dxBAP2ojnAs30U3UHg,xR7SlRm4NQ-Na2LAfbBltQ,https://www.yelp.com/biz/museo-nacional-del-prado-madrid-3?adjust_creative=5ZvXakD9YjwVeaW1GaFbvg&hrid=xR7SlRm4NQ-Na2LAfbBltQ&utm_campaign=yelp_api_v3&utm_medium=api_v3_business_reviews&utm_source=5ZvXakD9YjwVeaW1GaFbvg,"So much amazing art lies behind the walls of this great museum.

Goya is the man to see here and my favorite by him is:
The Third of May 1808 in Madrid...",4,8.0
69,9,Estanque Grande del Buen Retiro,PG0G4vEQ5EYU6Z2Y1bX4Yw,JbqUlOq1UTDwthJ1kD5KxA,https://www.yelp.com/biz/estanque-grande-del-buen-retiro-madrid?adjust_creative=5ZvXakD9YjwVeaW1GaFbvg&hrid=JbqUlOq1UTDwthJ1kD5KxA&utm_campaign=yelp_api_v3&utm_medium=api_v3_business_reviews&utm_source=5ZvXakD9YjwVeaW1GaFbvg,On our 4 day stay in Madrid we were able to explore part of this beautiful park! It is massive and hard to see all of its glory in a one stop visit since we...,5,9.0
70,10,Estanque Grande del Buen Retiro,PG0G4vEQ5EYU6Z2Y1bX4Yw,qtFBrqQLxkwMKtcRuZhBKw,https://www.yelp.com/biz/estanque-grande-del-buen-retiro-madrid?adjust_creative=5ZvXakD9YjwVeaW1GaFbvg&hrid=qtFBrqQLxkwMKtcRuZhBKw&utm_campaign=yelp_api_v3&utm_medium=api_v3_business_reviews&utm_source=5ZvXakD9YjwVeaW1GaFbvg,"Estanque means ""pond"" in English, and boy is there a huge one in Retiro, Madrid's massive public park. You can rent a little paddle boat here for a couple...",5,10.0
71,11,Estanque Grande del Buen Retiro,PG0G4vEQ5EYU6Z2Y1bX4Yw,1E8LaQUpgd5YcfWMtzd9Pg,https://www.yelp.com/biz/estanque-grande-del-buen-retiro-madrid?adjust_creative=5ZvXakD9YjwVeaW1GaFbvg&hrid=1E8LaQUpgd5YcfWMtzd9Pg&utm_campaign=yelp_api_v3&utm_medium=api_v3_business_reviews&utm_source=5ZvXakD9YjwVeaW1GaFbvg,"El Parque del Buen Retiro translates in English to ""park of the pleasant retreat"" and I couldn't agree more. Yes, it was pleasant. Yes, it was a retreat...",5,11.0
72,12,Takos al Pastor,BOrDvpojA8U1Z1BBHFY6Fg,7YnOkRbLNpwlWZoBmd72zQ,https://www.yelp.com/biz/takos-al-pastor-madrid?adjust_creative=5ZvXakD9YjwVeaW1GaFbvg&hrid=7YnOkRbLNpwlWZoBmd72zQ&utm_campaign=yelp_api_v3&utm_medium=api_v3_business_reviews&utm_source=5ZvXakD9YjwVeaW1GaFbvg,"This was one of the BEST and CHEAPEST taco spots I have ever been to. We were here on vacation and lived pretty close to here, saw this place on the way...",5,12.0
73,13,Takos al Pastor,BOrDvpojA8U1Z1BBHFY6Fg,wLv-XI2O6A4nZO896OFOzQ,https://www.yelp.com/biz/takos-al-pastor-madrid?adjust_creative=5ZvXakD9YjwVeaW1GaFbvg&hrid=wLv-XI2O6A4nZO896OFOzQ&utm_campaign=yelp_api_v3&utm_medium=api_v3_business_reviews&utm_source=5ZvXakD9YjwVeaW1GaFbvg,"Delicious. Affordable. Packed with flavor! Amazing!!  Quick and friendly service once you order, but be prepared to wait in a line. Very popular spot!",5,13.0
74,14,Takos al Pastor,BOrDvpojA8U1Z1BBHFY6Fg,RcvJHhJh4_c0-Ov-Eg6Ksw,https://www.yelp.com/biz/takos-al-pastor-madrid?adjust_creative=5ZvXakD9YjwVeaW1GaFbvg&hrid=RcvJHhJh4_c0-Ov-Eg6Ksw&utm_campaign=yelp_api_v3&utm_medium=api_v3_business_reviews&utm_source=5ZvXakD9YjwVeaW1GaFbvg,A lover of takos!! This place is as authentic as it gets in Madrid. Take a break from the bustling art tours and nearby fun. Great location for this spot as...,5,14.0
75,15,Alhambra,h9eayrBj9q1RClB4IOQMTQ,M5BJJ7uD47Vxl9fsT6n9yQ,https://www.yelp.com/biz/alhambra-madrid-3?adjust_creative=5ZvXakD9YjwVeaW1GaFbvg&hrid=M5BJJ7uD47Vxl9fsT6n9yQ&utm_campaign=yelp_api_v3&utm_medium=api_v3_business_reviews&utm_source=5ZvXakD9YjwVeaW1GaFbvg,"Hit this joint with my wife in Madrid (Spain).  Super cool spot, everyone was super busy, but that didn't impact the awesome service we received.  Food and...",5,15.0
76,16,Alhambra,h9eayrBj9q1RClB4IOQMTQ,jUVPW7QKECmhccYcK1loPQ,https://www.yelp.com/biz/alhambra-madrid-3?adjust_creative=5ZvXakD9YjwVeaW1GaFbvg&hrid=jUVPW7QKECmhccYcK1loPQ&utm_campaign=yelp_api_v3&utm_medium=api_v3_business_reviews&utm_source=5ZvXakD9YjwVeaW1GaFbvg,"One of the fewest times when Yelp reviews didn't help but disappointed big time. 
The place is very touristy, sit, eat, go, next. That kind of staff. Not...",3,16.0
77,17,Alhambra,h9eayrBj9q1RClB4IOQMTQ,o4tOp6dzBXfWQJbV9ISwjA,https://www.yelp.com/biz/alhambra-madrid-3?adjust_creative=5ZvXakD9YjwVeaW1GaFbvg&hrid=o4tOp6dzBXfWQJbV9ISwjA&utm_campaign=yelp_api_v3&utm_medium=api_v3_business_reviews&utm_source=5ZvXakD9YjwVeaW1GaFbvg,"Had seafood paella here. It seemed like pre-cooked as it got served just in 5 minutes... It was an OK paella that had standard taste, but lacked of the...",4,17.0
78,18,Botín,m-suxON2HwsWYImvTNX1Jw,lxQhySbcURim3HkQHgkDBg,https://www.yelp.com/biz/bot%C3%ADn-madrid-3?adjust_creative=5ZvXakD9YjwVeaW1GaFbvg&hrid=lxQhySbcURim3HkQHgkDBg&utm_campaign=yelp_api_v3&utm_medium=api_v3_business_reviews&utm_source=5ZvXakD9YjwVeaW1GaFbvg,"Think this Yelp list has the name wrong as it's actually called ""El Sobrino de Botín"" located in Madrid, Spain is the oldest restaurant in Europe dating...",5,18.0
79,19,Botín,m-suxON2HwsWYImvTNX1Jw,NpINImtzUE0NKaShykQc7g,https://www.yelp.com/biz/bot%C3%ADn-madrid-3?adjust_creative=5ZvXakD9YjwVeaW1GaFbvg&hrid=NpINImtzUE0NKaShykQc7g&utm_campaign=yelp_api_v3&utm_medium=api_v3_business_reviews&utm_source=5ZvXakD9YjwVeaW1GaFbvg,I had no idea such a place existed until my sister messaged me from the US saying what kind of an elite yelper are you if you don't check the oldest...,5,19.0
80,20,Botín,m-suxON2HwsWYImvTNX1Jw,EPQvSzIa3v7qZwXVUxBpQA,https://www.yelp.com/biz/bot%C3%ADn-madrid-3?adjust_creative=5ZvXakD9YjwVeaW1GaFbvg&hrid=EPQvSzIa3v7qZwXVUxBpQA&utm_campaign=yelp_api_v3&utm_medium=api_v3_business_reviews&utm_source=5ZvXakD9YjwVeaW1GaFbvg,"World famous restaurant known as the oldest restaurant for the suckling pig. 

Ya, we were not aware as we were hungry at the time.  During siesta, not many...",4,20.0
81,21,Juana la Loca,afcRqfWrcA1soyoNI__FRQ,lr7A3I-mu4XU-X847LKFRA,https://www.yelp.com/biz/juana-la-loca-madrid-2?adjust_creative=5ZvXakD9YjwVeaW1GaFbvg&hrid=lr7A3I-mu4XU-X847LKFRA&utm_campaign=yelp_api_v3&utm_medium=api_v3_business_reviews&utm_source=5ZvXakD9YjwVeaW1GaFbvg,"I really enjoyed Juana la Loca.  Full disclosure, you're going to find less expensive restaurants in the neighborhood but you won't find a better value in...",5,21.0
82,22,Juana la Loca,afcRqfWrcA1soyoNI__FRQ,kymRNjZwmJGq7m2dpLM72A,https://www.yelp.com/biz/juana-la-loca-madrid-2?adjust_creative=5ZvXakD9YjwVeaW1GaFbvg&hrid=kymRNjZwmJGq7m2dpLM72A&utm_campaign=yelp_api_v3&utm_medium=api_v3_business_reviews&utm_source=5ZvXakD9YjwVeaW1GaFbvg,One of The BEST places I visited while on my trip. My  friends and I came back multiple times because the food was so delicious and the service was great. I...,5,22.0
83,23,Juana la Loca,afcRqfWrcA1soyoNI__FRQ,80GuFtptePaVR4DOHhJKrw,https://www.yelp.com/biz/juana-la-loca-madrid-2?adjust_creative=5ZvXakD9YjwVeaW1GaFbvg&hrid=80GuFtptePaVR4DOHhJKrw&utm_campaign=yelp_api_v3&utm_medium=api_v3_business_reviews&utm_source=5ZvXakD9YjwVeaW1GaFbvg,We came here to try tapas that were a little bit more upscale than what we had been eating. It did not disappoint. We got right in and sat at the bar. We...,5,23.0
84,24,Toma Café,4R0OTCnPxcCTGxwyhS51AQ,_XCswTNouQYBza8K7eO3uA,https://www.yelp.com/biz/toma-caf%C3%A9-madrid-2?adjust_creative=5ZvXakD9YjwVeaW1GaFbvg&hrid=_XCswTNouQYBza8K7eO3uA&utm_campaign=yelp_api_v3&utm_medium=api_v3_business_reviews&utm_source=5ZvXakD9YjwVeaW1GaFbvg,"I absolutely loved the coffee selection at Toma Café! They had a little bit of everything. I didn't see what food options they had, but the cake looked...",5,24.0
85,25,Toma Café,4R0OTCnPxcCTGxwyhS51AQ,JoiuXvR6FFE55AN6YQtKmg,https://www.yelp.com/biz/toma-caf%C3%A9-madrid-2?adjust_creative=5ZvXakD9YjwVeaW1GaFbvg&hrid=JoiuXvR6FFE55AN6YQtKmg&utm_campaign=yelp_api_v3&utm_medium=api_v3_business_reviews&utm_source=5ZvXakD9YjwVeaW1GaFbvg,"I was driven by the Yelp reviews to walk to this place.
It is not far of a walk from Gran Via.
It is located on a quieter side street.

The inside of Toma...",2,25.0
86,26,Toma Café,4R0OTCnPxcCTGxwyhS51AQ,7jQyND-9UTTVnWOnfVt8QQ,https://www.yelp.com/biz/toma-caf%C3%A9-madrid-2?adjust_creative=5ZvXakD9YjwVeaW1GaFbvg&hrid=7jQyND-9UTTVnWOnfVt8QQ&utm_campaign=yelp_api_v3&utm_medium=api_v3_business_reviews&utm_source=5ZvXakD9YjwVeaW1GaFbvg,"Perfect 3rd-wave coffee shop! Excellent coffee, great food, and very professional baristas! Definitely worthwhile visiting even if it is out of your way if...",5,26.0
87,27,Museo Nacional Centro de Arte Reina Sofía,eKCXblSU6zw5lTSfUzGJkw,55_HsdW1Fmn2XtRb42oBGg,https://www.yelp.com/biz/museo-nacional-centro-de-arte-reina-sof%C3%ADa-madrid-5?adjust_creative=5ZvXakD9YjwVeaW1GaFbvg&hrid=55_HsdW1Fmn2XtRb42oBGg&utm_campaign=yelp_api_v3&utm_medium=api_v3_business_reviews&utm_source=5ZvXakD9YjwVeaW1GaFbvg,"This was my favorite museum within the trio of Thyssen, Prado & Reina Sofia. My disclaimer though is that I prefer Modern art, compared to traditional...",5,27.0
88,28,Museo Nacional Centro de Arte Reina Sofía,eKCXblSU6zw5lTSfUzGJkw,o2oC2Dn2h6vFwowJ7HDR6w,https://www.yelp.com/biz/museo-nacional-centro-de-arte-reina-sof%C3%ADa-madrid-5?adjust_creative=5ZvXakD9YjwVeaW1GaFbvg&hrid=o2oC2Dn2h6vFwowJ7HDR6w&utm_campaign=yelp_api_v3&utm_medium=api_v3_business_reviews&utm_source=5ZvXakD9YjwVeaW1GaFbvg,"Most famously the home of Picasso's Guernica, Museo Nacional Centro de Arte Reina Sofía houses mainly 20th century art.  In many ways the yin to Prado's...",4,28.0
89,29,Museo Nacional Centro de Arte Reina Sofía,eKCXblSU6zw5lTSfUzGJkw,wvbAiNMXxYotMTfoblnOzw,https://www.yelp.com/biz/museo-nacional-centro-de-arte-reina-sof%C3%ADa-madrid-5?adjust_creative=5ZvXakD9YjwVeaW1GaFbvg&hrid=wvbAiNMXxYotMTfoblnOzw&utm_campaign=yelp_api_v3&utm_medium=api_v3_business_reviews&utm_source=5ZvXakD9YjwVeaW1GaFbvg,This contemporary art museum is so beautiful. It boasts an awesome glass entrance and lobby that was built as an addition to the more historic part inside....,5,29.0
90,30,Celso y Manolo,yjGE3mlUOvJfTDZecObTHg,Hk65qi9fueC331Ux0DOLHA,https://www.yelp.com/biz/celso-y-manolo-madrid?adjust_creative=5ZvXakD9YjwVeaW1GaFbvg&hrid=Hk65qi9fueC331Ux0DOLHA&utm_campaign=yelp_api_v3&utm_medium=api_v3_business_reviews&utm_source=5ZvXakD9YjwVeaW1GaFbvg,"A must visit in Madrid!! Decided to try Celso y Manolo on a chilly Saturday night. Although we did not have a reservation, they were able to find a table...",5,30.0
91,31,Celso y Manolo,yjGE3mlUOvJfTDZecObTHg,HJUkANoU6fKpo9PH4TOOgA,https://www.yelp.com/biz/celso-y-manolo-madrid?adjust_creative=5ZvXakD9YjwVeaW1GaFbvg&hrid=HJUkANoU6fKpo9PH4TOOgA&utm_campaign=yelp_api_v3&utm_medium=api_v3_business_reviews&utm_source=5ZvXakD9YjwVeaW1GaFbvg,"More of a touristy vibe, but solid joint if you're in the area. My friend ordered the seafood plate which she loved. I ordered the tomato steak, which was...",4,31.0
92,32,Celso y Manolo,yjGE3mlUOvJfTDZecObTHg,enfqpcuBh_ZdazSkdEpJlA,https://www.yelp.com/biz/celso-y-manolo-madrid?adjust_creative=5ZvXakD9YjwVeaW1GaFbvg&hrid=enfqpcuBh_ZdazSkdEpJlA&utm_campaign=yelp_api_v3&utm_medium=api_v3_business_reviews&utm_source=5ZvXakD9YjwVeaW1GaFbvg,"AMAZING!!!!
On our last day in Madrid we wanted to try a new place, which is not hard to do in Madrid. However we were staying in the touristy are which had...",5,32.0
93,33,Cacao Restobar,QLHWLpQKr4j4GD3jXr-NOQ,4cJa4E9Q2nMcOsBz8flAjQ,https://www.yelp.com/biz/cacao-restobar-madrid?adjust_creative=5ZvXakD9YjwVeaW1GaFbvg&hrid=4cJa4E9Q2nMcOsBz8flAjQ&utm_campaign=yelp_api_v3&utm_medium=api_v3_business_reviews&utm_source=5ZvXakD9YjwVeaW1GaFbvg,"Awesome.  The best sangria I've ever had.  

Octopus was amazing, and the staff was super friendly.",5,33.0
94,34,Cacao Restobar,QLHWLpQKr4j4GD3jXr-NOQ,GJrgmFr6FbaQcwHaWhexnA,https://www.yelp.com/biz/cacao-restobar-madrid?adjust_creative=5ZvXakD9YjwVeaW1GaFbvg&hrid=GJrgmFr6FbaQcwHaWhexnA&utm_campaign=yelp_api_v3&utm_medium=api_v3_business_reviews&utm_source=5ZvXakD9YjwVeaW1GaFbvg,It was raining and I decided I didn't want to walk to far from my hotel so I decided to stop in.  The food was excellent!!! The service was top notch.. I...,5,34.0
95,35,Cacao Restobar,QLHWLpQKr4j4GD3jXr-NOQ,20PDP3gF1sfOuAGAtIWeqA,https://www.yelp.com/biz/cacao-restobar-madrid?adjust_creative=5ZvXakD9YjwVeaW1GaFbvg&hrid=20PDP3gF1sfOuAGAtIWeqA&utm_campaign=yelp_api_v3&utm_medium=api_v3_business_reviews&utm_source=5ZvXakD9YjwVeaW1GaFbvg,"Best sangria ever. Cacao in sangria is such a game changer. The octopus risotto was incredible. 

Staff was so friendly.",5,35.0
96,36,Tinto y Tapas,4QwMZ2xsZg3QeliIKztoUw,RffryI-bInhw0jOaU7ZLyQ,https://www.yelp.com/biz/tinto-y-tapas-madrid?adjust_creative=5ZvXakD9YjwVeaW1GaFbvg&hrid=RffryI-bInhw0jOaU7ZLyQ&utm_campaign=yelp_api_v3&utm_medium=api_v3_business_reviews&utm_source=5ZvXakD9YjwVeaW1GaFbvg,"On our first night in Madrid, we decided to go here based on the pictures from reviewers. It was downpour rain, a mile from our hotel (30 minute walk - an...",5,36.0
97,37,Tinto y Tapas,4QwMZ2xsZg3QeliIKztoUw,53TePtkNM-TEYdHqoueJNw,https://www.yelp.com/biz/tinto-y-tapas-madrid?adjust_creative=5ZvXakD9YjwVeaW1GaFbvg&hrid=53TePtkNM-TEYdHqoueJNw&utm_campaign=yelp_api_v3&utm_medium=api_v3_business_reviews&utm_source=5ZvXakD9YjwVeaW1GaFbvg,The empanadas we ordered were not cooked all the way and were cold inside.  They said the credit card machine wasn't working so they needed cash when we...,3,37.0
98,38,Tinto y Tapas,4QwMZ2xsZg3QeliIKztoUw,dijROClqZR6OIJvXuetRxg,https://www.yelp.com/biz/tinto-y-tapas-madrid?adjust_creative=5ZvXakD9YjwVeaW1GaFbvg&hrid=dijROClqZR6OIJvXuetRxg&utm_campaign=yelp_api_v3&utm_medium=api_v3_business_reviews&utm_source=5ZvXakD9YjwVeaW1GaFbvg,"Very nice little spot. A small selection of wine, but what we had was very tasty. The only moscato on the menu was light and refreshing. The Zinio rioja was...",4,38.0
99,39,La Malontina,DTplWHr6x0wWkoYNc7ZFuA,KC_OHI-AJ1B0agFi3j_dlA,https://www.yelp.com/biz/la-malontina-madrid?adjust_creative=5ZvXakD9YjwVeaW1GaFbvg&hrid=KC_OHI-AJ1B0agFi3j_dlA&utm_campaign=yelp_api_v3&utm_medium=api_v3_business_reviews&utm_source=5ZvXakD9YjwVeaW1GaFbvg,"La Malontina is a very small restaurant. There may be 6 tables total.  That said, we came without a reservation and were able to be seated for lunch with...",5,39.0
100,40,La Malontina,DTplWHr6x0wWkoYNc7ZFuA,P67lE_D3_PmF2_lZEjVfyA,https://www.yelp.com/biz/la-malontina-madrid?adjust_creative=5ZvXakD9YjwVeaW1GaFbvg&hrid=P67lE_D3_PmF2_lZEjVfyA&utm_campaign=yelp_api_v3&utm_medium=api_v3_business_reviews&utm_source=5ZvXakD9YjwVeaW1GaFbvg,"An amazing experience! A very quaint restaurant, probably can seat about 30 people, but quite lovely. The service was great, very kind, informative, and not...",5,40.0
101,41,La Malontina,DTplWHr6x0wWkoYNc7ZFuA,e_ZgusSq0x4XMEkm48Cpzw,https://www.yelp.com/biz/la-malontina-madrid?adjust_creative=5ZvXakD9YjwVeaW1GaFbvg&hrid=e_ZgusSq0x4XMEkm48Cpzw&utm_campaign=yelp_api_v3&utm_medium=api_v3_business_reviews&utm_source=5ZvXakD9YjwVeaW1GaFbvg,La Malontina deserves all the praise in the world - they served easily the best risotto dish and pork dish I've ever had - truffle mushroom and iberian...,5,41.0
102,42,Palacio Real de Madrid,ht3fwtEkgVcjLSqcjryeog,hjhqkOqUr0wBeekc-dgr6g,https://www.yelp.com/biz/palacio-real-de-madrid-madrid?adjust_creative=5ZvXakD9YjwVeaW1GaFbvg&hrid=hjhqkOqUr0wBeekc-dgr6g&utm_campaign=yelp_api_v3&utm_medium=api_v3_business_reviews&utm_source=5ZvXakD9YjwVeaW1GaFbvg,"Beautiful National Treasure, worth the money to go in!

Tip: Buy the tickets online or in advance to skip longer lines. 

It is very charming and have a lot...",5,42.0
103,43,Palacio Real de Madrid,ht3fwtEkgVcjLSqcjryeog,nvXpvw7nk7dUBwppB2nM_Q,https://www.yelp.com/biz/palacio-real-de-madrid-madrid?adjust_creative=5ZvXakD9YjwVeaW1GaFbvg&hrid=nvXpvw7nk7dUBwppB2nM_Q&utm_campaign=yelp_api_v3&utm_medium=api_v3_business_reviews&utm_source=5ZvXakD9YjwVeaW1GaFbvg,MADRID SPAIN - I can only judge this building from the outside as we weren't able to get tickets while we were here.  This is a truly impressive piece of...,4,43.0
104,44,Palacio Real de Madrid,ht3fwtEkgVcjLSqcjryeog,CmJWtdvTM9wvD9naH0xEVw,https://www.yelp.com/biz/palacio-real-de-madrid-madrid?adjust_creative=5ZvXakD9YjwVeaW1GaFbvg&hrid=CmJWtdvTM9wvD9naH0xEVw&utm_campaign=yelp_api_v3&utm_medium=api_v3_business_reviews&utm_source=5ZvXakD9YjwVeaW1GaFbvg,This is one of the most beautiful palaces I've ever seen and strongly recommend checking this place out if you're visiting Madrid! Every room is so finely...,4,44.0
105,45,Rosi La Loca,uHL7ravKYyrTl07fv_hfUg,Ibl4ojwhGlcVN2mvL8ERnA,https://www.yelp.com/biz/rosi-la-loca-madrid?adjust_creative=5ZvXakD9YjwVeaW1GaFbvg&hrid=Ibl4ojwhGlcVN2mvL8ERnA&utm_campaign=yelp_api_v3&utm_medium=api_v3_business_reviews&utm_source=5ZvXakD9YjwVeaW1GaFbvg,"Very cool decor and full of color.
The staff was incredibly nice and helped us choose amazing menu items and drinks for us.
Overall a really great...",5,45.0
106,46,Rosi La Loca,uHL7ravKYyrTl07fv_hfUg,1fs8_TJRAxXNRF1eeuvtPg,https://www.yelp.com/biz/rosi-la-loca-madrid?adjust_creative=5ZvXakD9YjwVeaW1GaFbvg&hrid=1fs8_TJRAxXNRF1eeuvtPg&utm_campaign=yelp_api_v3&utm_medium=api_v3_business_reviews&utm_source=5ZvXakD9YjwVeaW1GaFbvg,"The drinks are adorable, the vibes are hip and funky. The tapas are amazing, from the fried eggplant to patatas bravas, definitely a great bar to check out!",5,46.0
107,47,Rosi La Loca,uHL7ravKYyrTl07fv_hfUg,hEVAfOqdd72SgA7I0cpEBg,https://www.yelp.com/biz/rosi-la-loca-madrid?adjust_creative=5ZvXakD9YjwVeaW1GaFbvg&hrid=hEVAfOqdd72SgA7I0cpEBg&utm_campaign=yelp_api_v3&utm_medium=api_v3_business_reviews&utm_source=5ZvXakD9YjwVeaW1GaFbvg,I really enjoyed Rosi La Loca and would highly recommend going for their food. The drinks are intriguing and the food presentation is definitely eye...,5,47.0
108,48,La Mallorquina,y75NHi_RF0AZ2LKPZB5PLA,nhsBxN3mMov4HAPWvsfyMg,https://www.yelp.com/biz/la-mallorquina-no-title?adjust_creative=5ZvXakD9YjwVeaW1GaFbvg&hrid=nhsBxN3mMov4HAPWvsfyMg&utm_campaign=yelp_api_v3&utm_medium=api_v3_business_reviews&utm_source=5ZvXakD9YjwVeaW1GaFbvg,"Located in the center of puerta del sol and heart of Madrid, this is one of the oldest pastry shops in Madrid (since 1894).

The place often has a long line...",5,48.0
109,49,La Mallorquina,y75NHi_RF0AZ2LKPZB5PLA,dSBQrOw9u8lwZYVj4yeysA,https://www.yelp.com/biz/la-mallorquina-no-title?adjust_creative=5ZvXakD9YjwVeaW1GaFbvg&hrid=dSBQrOw9u8lwZYVj4yeysA&utm_campaign=yelp_api_v3&utm_medium=api_v3_business_reviews&utm_source=5ZvXakD9YjwVeaW1GaFbvg,"Must Visit Place if you are a tourist. Perfect spot to get souvenirs to bring back home for your friends to try their goodies.

They have so many chocolates...",5,49.0
110,50,La Mallorquina,y75NHi_RF0AZ2LKPZB5PLA,8i1uMqOR4rkhpBesU-_weQ,https://www.yelp.com/biz/la-mallorquina-no-title?adjust_creative=5ZvXakD9YjwVeaW1GaFbvg&hrid=8i1uMqOR4rkhpBesU-_weQ&utm_campaign=yelp_api_v3&utm_medium=api_v3_business_reviews&utm_source=5ZvXakD9YjwVeaW1GaFbvg,Line can be a bit confusing downstairs (because it's crowded and there are multiple) if you don't speak Spanish you can get a little lost in the locals...,5,50.0
111,51,Café de la Luz,cgcVrR6d5OuLrGWtB7EJQw,U0L2eXa6NzG0UbeZVkBCag,https://www.yelp.com/biz/caf%C3%A9-de-la-luz-madrid-2?adjust_creative=5ZvXakD9YjwVeaW1GaFbvg&hrid=U0L2eXa6NzG0UbeZVkBCag&utm_campaign=yelp_api_v3&utm_medium=api_v3_business_reviews&utm_source=5ZvXakD9YjwVeaW1GaFbvg,The breakfast was good very flavorful the waitress was a great person and the menu was very unique.,5,51.0
112,52,Café de la Luz,cgcVrR6d5OuLrGWtB7EJQw,FwBiXflhEMqZh9zoQfQqZQ,https://www.yelp.com/biz/caf%C3%A9-de-la-luz-madrid-2?adjust_creative=5ZvXakD9YjwVeaW1GaFbvg&hrid=FwBiXflhEMqZh9zoQfQqZQ&utm_campaign=yelp_api_v3&utm_medium=api_v3_business_reviews&utm_source=5ZvXakD9YjwVeaW1GaFbvg,Came here to grab some food while waiting for our airbnb checkin time. The cafe is very intimate and cozy. They also had free WiFi which was really...,4,52.0
113,53,Café de la Luz,cgcVrR6d5OuLrGWtB7EJQw,SK7kNuCN2-Kg5kyP07INwg,https://www.yelp.com/biz/caf%C3%A9-de-la-luz-madrid-2?adjust_creative=5ZvXakD9YjwVeaW1GaFbvg&hrid=SK7kNuCN2-Kg5kyP07INwg&utm_campaign=yelp_api_v3&utm_medium=api_v3_business_reviews&utm_source=5ZvXakD9YjwVeaW1GaFbvg,"This cute little cafe had lots of comfy couches to sit on. It seems like a quiet place to get a drink or work on things; however, if you go on the weekend,...",4,53.0
114,54,Casa Lucas,S-Md-BF6C53iB2OlB5BCww,AWbm2AoD-GxYKALG-jeJAA,https://www.yelp.com/biz/casa-lucas-madrid?adjust_creative=5ZvXakD9YjwVeaW1GaFbvg&hrid=AWbm2AoD-GxYKALG-jeJAA&utm_campaign=yelp_api_v3&utm_medium=api_v3_business_reviews&utm_source=5ZvXakD9YjwVeaW1GaFbvg,This is a small restaurant so I recommend reservations.  Every bite we had was delicious.  The staff was friendly and professional.  I highly recommend Casa...,5,54.0
115,55,Casa Lucas,S-Md-BF6C53iB2OlB5BCww,KIVa242iJCGTYXWuzQq2-g,https://www.yelp.com/biz/casa-lucas-madrid?adjust_creative=5ZvXakD9YjwVeaW1GaFbvg&hrid=KIVa242iJCGTYXWuzQq2-g&utm_campaign=yelp_api_v3&utm_medium=api_v3_business_reviews&utm_source=5ZvXakD9YjwVeaW1GaFbvg,"This is was pretty easily one of the best meals of my life.

Surrounded by fancier looking spots, Casa Lucas wouldn't necessarily draw your gaze, if you...",5,55.0
116,56,Casa Lucas,S-Md-BF6C53iB2OlB5BCww,sbtbNEoIevbN_fx-72q1-w,https://www.yelp.com/biz/casa-lucas-madrid?adjust_creative=5ZvXakD9YjwVeaW1GaFbvg&hrid=sbtbNEoIevbN_fx-72q1-w&utm_campaign=yelp_api_v3&utm_medium=api_v3_business_reviews&utm_source=5ZvXakD9YjwVeaW1GaFbvg,"My friend and I went to Casa Lucas for dinner on a Saturday night.  Like a lot of authentic Tapas restaurants, the venue is fairly small, but the quality is...",5,56.0
117,57,Carmencita,l4Y3Qmb510T_hbGzc3WG5g,jL5tV2P7fTs1uCKMP2A9zg,https://www.yelp.com/biz/carmencita-madrid?adjust_creative=5ZvXakD9YjwVeaW1GaFbvg&hrid=jL5tV2P7fTs1uCKMP2A9zg&utm_campaign=yelp_api_v3&utm_medium=api_v3_business_reviews&utm_source=5ZvXakD9YjwVeaW1GaFbvg,"Tip: make reservations!

We came in for breakfast and were blown away!
The quality of the food and presentation was amazing 
Service was fast, polite, and...",5,57.0
118,58,Carmencita,l4Y3Qmb510T_hbGzc3WG5g,jObx14hnKPjH-t-4jXzF4w,https://www.yelp.com/biz/carmencita-madrid?adjust_creative=5ZvXakD9YjwVeaW1GaFbvg&hrid=jObx14hnKPjH-t-4jXzF4w&utm_campaign=yelp_api_v3&utm_medium=api_v3_business_reviews&utm_source=5ZvXakD9YjwVeaW1GaFbvg,"Don't do the mistake that I did of only coming in for a michelada. 

That ""friendly service"" that everyone claims is immediately out the door. 
Being...",1,58.0
119,59,Carmencita,l4Y3Qmb510T_hbGzc3WG5g,1G_Q91HWrP-IYHrZLO1-aA,https://www.yelp.com/biz/carmencita-madrid?adjust_creative=5ZvXakD9YjwVeaW1GaFbvg&hrid=1G_Q91HWrP-IYHrZLO1-aA&utm_campaign=yelp_api_v3&utm_medium=api_v3_business_reviews&utm_source=5ZvXakD9YjwVeaW1GaFbvg,"This is a good place to come if you are missing a nice American-style brunch. They have 1€ mimosas, so if you are looking to drink an afternoon away, this...",4,59.0
